id;geslacht;naam;achternaam;post_code;huis_nummer;straat;plaats;telefoon;email;contract;telefonisch;taal;verzend_methode
1;Industrial;connect Markets Chief;capacitor archive;15093-8372;generating compelling;Home Loan Account;Plastic;Car Industrial deliverables;Cloyd1@yahoo.com;magenta monitor 1080p;true;Identity;Frozen IB
2;Highway Ergonomic;moratorium moratorium;New York tangible Mississippi;19787;Idaho compress Avon;system Small;Intelligent Outdoors;Harbor Montana;Sydney60@hotmail.com;Saint Lucia white;true;Money Market Account;Salad Web virtual
3;Refined Squares;maroon;EXE projection Fresh;39122;synergies copying;ability Hat Iraq;magenta Concrete;User-centric Gloves;Joshuah.Lynch36@gmail.com;Engineer;true;Quality-focused;card Plastic
4;Computers Personal Loan Account Berkshire;Home;Investor Public-key;54495;Credit Card Account;navigate;Re-contextualized;web-enabled invoice withdrawal;Raymundo_Borer15@yahoo.com;Bedfordshire;true;HDD;Algerian Dinar
5;firewall;Future-proofed deposit Sausages;disintermediate Cambridgeshire hacking;37129-5862;deposit;Designer Borders content-based;Tasty Customer Human;pink even-keeled;Mohammed_Stamm88@hotmail.com;optical invoice;false;Cheese Dynamic Home Loan Account;transform
6;invoice Home Gloves;Buckinghamshire Ports;Devolved driver Networked;17367;alarm local area network Benin;turn-key dedicated;Wisconsin;target Human withdrawal;Federico_Kuvalis@hotmail.com;Cambridgeshire white sensor;false;Shoes deposit;Representative
7;Response Human;back up Factors;architectures;59980-2331;eco-centric Bedfordshire mesh;Configuration UIC-Franc;Ergonomic Concrete Soap Zambian Kwacha;Concrete Bedfordshire;Enid_Robel13@hotmail.com;array France protocol;false;Synergistic Personal Loan Account Sleek;Borders
8;olive Handcrafted Cotton Bacon Unbranded Fresh Pants;incubate;interfaces;03415-9285;Computers Small Fresh Gloves back-end;interface;compress lavender Investment Account;backing up;Juston_Jast@gmail.com;Metal Frozen;true;card Licensed Cotton Ball;mindshare Gorgeous
9;Chips;navigating;Som Rustic Frozen Keyboard ROI;50716;motivating Operations alarm;e-markets system;Organic;Cheese Steel;Bettye9@yahoo.com;solution;true;Shoes Music connect;Hollow Shoes systems
10;Generic Frozen Tuna HTTP;implement;Optimization Cambridgeshire;66160-9690;New York Data North Dakota;North Carolina Granite;Somalia Web revolutionize;invoice teal analyzing;Baron3@gmail.com;Credit Card Account;false;withdrawal;quantifying Garden
